No.;Nombre archivo;Fecha;Titular;Periodico;Fecha Periodico;URL;Derecho PPal;Otros Derechos;SubDerechos;EP
1;EN  (07.10.2018)   2.10.1.  3.1.1..pdf;07.10.2018;Lo que se ignoró al regular el precio de la carne;EN;7/10/2018;http://www.el-nacional.com/noticias/economia/que-ignoro-regular-precio-carne_254301;2.10;3.1;2.10.1, 3.1.1;NO
2;EN   (06.12.2018)    EP   2.8.1..pdf;06.12.2018;Comunidades de Trujillo protestan por falta de gas desde hace cuatro meses;EN;6/12/2018;http://www.el-nacional.com/noticias/protestas/comunidades-trujillo-protestan-por-falta-gas-desde-hace-cuatro-meses_262344;2.8;;2.8.1;SI
3;EN  (08.10.2018)    EP   2.3.4..pdf;08.10.2018;Trabajadores de la UCV protestaron por incumplimiento de contrato colectivo;EN;8/10/2018;http://www.el-nacional.com/noticias/protestas/trabajadores-ucv-protestaron-por-incumplimiento-contrato-colectivo_254835;2.3;;2.3.4;SI
4;EN   (05.12.2018)   EP   2.8.1..pdf;05.12.2018;Vecinos de Santa Elena en Mérida protestaron por falta de gas doméstico;EN;5/12/2018;http://www.el-nacional.com/noticias/protestas/vecinos-santa-elena-merida-protestaron-por-falta-gas-domestico_262200;2.8;;2.8.1;SI
5;EU   (20.11.2018)    1.10.2.1..pdf;20.11.2018;ANC designó a Alfredo Ruíz como defensor del Pueblo;EU;20/11/2018;http://www.eluniversal.com/politica/26292/anc-designo-a-alfredo-ruiz-como-nuevo-defensor-del-pueblo;1.10;;1.10.2.1;NO
6;EU  (06.10.2018) CONTEXTO EP.pdf;06.10.2018;Solicitan que EEUU levante las sanciones y el bloqueo;EU;6/10/2018;http://www.eluniversal.com/politica/22485/solicitan-que-eeuu-levante-las-sanciones-y-el-bloqueo;CONTEXTO;;;SI
7;EN (22.09.2018) 2.1.1.   Rocío San Miguel_ Consejos comunales _escogerán_ pacientes del buque chino.pdf;22.09.2018;"Rocío San Miguel: Consejos comunales ""escogerán"" pacientes del buque chino";EN;23/9/2018;http://www.el-nacional.com/noticias/politica/rocio-san-miguel-consejos-comunales-escogeran-pacientes-del-buque-chino_252875;2.1;;2.1.1;NO
8;EN  (11.10.2018)  1.1.1.9 EP.pdf;11.10.2018;Vecinos de San Agustín protestaron por el asesinato de un niño de 12 años;EN;11/10/2018;http://www.el-nacional.com/noticias/sociedad/vecinos-san-agustin-protestaron-por-asesinato-nino-anos_255391;1.1;;1.1.1.9;SI
9;EN  (01.12.2018)   1.2.2..pdf;01.12.2018;Efe: Las condiciones de los detenidos de Pdvsa en “La Tumba”;EN;1/12/2018;http://www.el-nacional.com/noticias/presos-politicos/efe-las-condiciones-los-detenidos-pdvsa-tumba_261765;1.2;;1.2.2;NO
10;EN   (09.10.2018)  EP   2.3.4.   2.1.1..pdf;09.10.2018;Trabajadores “revolucionarios” protestan en Ciudad Guayana;EN;9/10/2018;http://www.el-nacional.com/noticias/protestas/trabajadores-revolucionarios-protestan-ciudad-guayana_254985;2.3;2.1;2.3.4, 2.1.1;SI
11;EN (16.09.2018) CONTEXTO  Grupo de Lima rechazó intervención militar en Venezuela.pdf;16.09.2018;Grupo de Lima rechazó intervención militar en Venezuela;EN;16/9/2018;http://www.el-nacional.com/noticias/latinoamerica/grupo-lima-rechazo-intervencion-militar-venezuela_251926;CONTEXTO;;;NO
12;EN  (16.10.2018) 4.3 EP.pdf;16.10.2018;Ciudadanos protestaron tres veces más que en septiembre de 2017;EN;17/10/2018;http://www.el-nacional.com/noticias/protestas/ciudadanos-protestaron-tres-veces-mas-que-septiembre-2017_255907;4.3;;;SI
13;EN  (27.09.2018) EP    2.8.1.    Reportan cierre en la carretera Panamericana por protesta vecinal.pdf;27.09.2018;Reportan cierre en la carretera Panamericana por protesta vecinal;EN;27/9/2018;http://www.el-nacional.com/noticias/protestas/reportan-cierre-carretera-panamericana-por-protesta-vecinal_253428;2.8;;2.8.1;SI
14;EN   (03.12.2018)   1.3.1.  1.2.2..pdf;03.12.2018;Ana María Dacosta denunció tortura contra Jofran Quintero;EN;3/12/2018;http://www.el-nacional.com/noticias/presos-politicos/ana-maria-dacosta-denuncio-tortura-contra-jofran-quintero_261934;1.3;1.2;1.3.1, 1.2.2;NO
15;EN    (20.11.2018)   1.1.1.3.   1.10.1.      1.2.2..pdf;20.11.2018;Abogado de la familia: “Actas del caso Albán dicen que fue homicidio”;EN;20/11/2018;http://www.el-nacional.com/noticias/politica/abogado-familia-actas-del-caso-alban-dicen-que-fue-homicidio_260366;1.1;1.10, 1.2;1.1.1.3, 1.10.1, 1.2.2;NO
16;EN    (06.12.2018)   1.1.1.9.   1.10.1..pdf;06.12.2018;Detuvieron a ocho funcionarios de la CPNB por homicidio en El Valle;EN;6/12/2018;http://www.el-nacional.com/noticias/sucesos/detuvieron-ocho-funcionarios-cpnb-por-homicidio-valle_262324;1.1;1.10;1.1.1.9, 1.10.1;NO
17;EN  (07.10.2018)  CONTEXTO.pdf;07.10.2018;Ortega Díaz propone al Parlamento realizar enmienda constitucional;EN;7/10/2018;http://www.el-nacional.com/noticias/politica/ortega-diaz-propone-parlamento-realizar-enmienda-constitucional_254698;CONTEXTO;;;NO
18;EN  (10.10.2018)   EP   2.8.1..pdf;10.10.2018;Habitantes de Maracaibo protestan por tener 10 días sin luz;EN;10/10/2018;http://www.el-nacional.com/noticias/protestas/habitantes-maracaibo-protestan-por-tener-dias-sin-luz_255200;2.8;;2.8.1;SI
19;EN  (17.10.2018)   EP  2.1.1.   2.3.4..pdf;17.10.2018;Médicos exigen que se respete el contrato colectivo;EN;17/10/2018;http://www.el-nacional.com/noticias/salud/medicos-exigen-que-respete-contrato-colectivo_256074;2.1;2.3;2.1.1, 2.3.4;SI
20;EN   (18.10.2018)   CONTEXTO.pdf;18.10.2018;Retenidos al menos 15 “garimpeiros” del río Guaire por PNB;EU;18/10/2018;http://www.eluniversal.com/sucesos/4672/retenidos-menos-garimpeiros?-guaire;CONTEXTO;;;NO
21;EN (16.09.2018)  2.10.1.1.  69_ de los alimentos CLAP provienen de Turquía.pdf;16.09.2018;69% de los alimentos CLAP provienen de Turquía;EN;16/9/2018;http://www.el-nacional.com/noticias/economia/los-alimentos-clap-provienen-turquia_251966;2.10;;2.10.1.1;NO
22;EU    (20.11.2018)   EP   12..pdf;20.11.2018;Frente Amplio Nacional: Más de 1.700 propuestas se concretaron en congresos regionales;EU;20/11/2018;http://www.eluniversal.com/politica/26262/frente-amplio-nacional-mas-de-1739-propuestas-se-concretaron-en-congresos-regionales;12;;;SI
23;EN (17.09.2018) 3.2.1.   Denuncian que calles de Candelaria amanecieron con montañas de basura.pdf;17.09.2018;Denuncian que calles de Candelaria amanecieron con montañas de basura;EU;17/9/2018;http://www.eluniversal.com/caracas/20786/denuncian-que-calles-de-candelaria-amanecieron-con-montanas-de-basura;3.2;;3.2.1;NO
24;EN   (01.12.2018)    2.1.1..pdf;01.12.2018;Denuncian que escasez de antirretrovirales en Venezuela es de 95%;EN;1/12/2018;http://www.el-nacional.com/noticias/crisis-humanitaria/denuncian-que-escasez-antirretrovirales-venezuela_261799;2.1;;2.1.1;NO
25;EN   (28.11.2018) 2.1.1..pdf;28.11.2018;Madre venezolana: Estoy muy contenta porque en el buque operaron a mi hija;EN;28/11/2018;http://www.el-nacional.com/noticias/sociedad/madre-venezolana-estoy-muy-contenta-porque-buque-operaron-hija_261317;2.1;;2.1.1;NO
26;EN  (29.09.2018) 1.7  EP.pdf;29.09.2018;Gobierno incrementa persecución a periodistas;EN;29/9/2018;http://www.el-nacional.com/noticias/politica/gobierno-incrementa-persecucion-periodistas_253532;1.7;;;SI
27;EN   (05.12.2018)  18.  5.   12.1.3.pdf;05.12.2018;ONG denunciaron las detenciones arbitrarias en Venezuela ante la CIDH;EN;5/12/2018;http://www.el-nacional.com/noticias/politica/ong-denunciaron-las-detenciones-arbitrarias-venezuela-ante-cidh_262245;18;5, 12;12.1.3;NO
28;EU   (29.09.2018)  1.2.1.  1.3.2..pdf;29.09.2018;"Guanipa denunció que estuvo detenido este sábado de manera ""irregular""";EU;29/9/2018;http://www.eluniversal.com/politica/21943/guanipa-responsabilizo-al-gobierno-tras-ser-detenido-este-sabado;1.2;1.3;1.2.1, 1.3.2;NO
29;EU   (20.11.2018)    2.10.1..pdf;20.11.2018;Canasta Alimentaria de octubre se ubicó en Bs.S 52.322,32;EU;20/11/2018;http://www.eluniversal.com/economia/26207/canasta-alimentaria-de-octubre-se-ubico-en-bss-5232232;2.10;;2.10.1;NO
30;EN  (03.10.2018)   2.1.1..pdf;03.10.2018;Tasa de mortalidad infantil en Venezuela incrementó durante el año 2017;EN;3/10/2018;http://www.el-nacional.com/noticias/crisis-humanitaria/tasa-mortalidad-infantil-venezuela-incremento-durante-ano-2017_254097;2.1;;2.1.1;NO
31;EU   (17.10.2018)   CONTEXTO.pdf;17.10.2018;"Nueva plataforma plantea ""proteger la Constitución""";EU;17/10/2018;http://www.eluniversal.com/politica/23393/nueva-plataforma-plantea-proteger-la-constitucion;CONTEXTO;;;NO
32;EN (21.09.2018)  EP  2.8.1.    Vecinos de Chacao salieron a protestar por falta de agua.pdf;21.09.2018;Vecinos de Chacao salieron a protestar por falta de agua;EN;21/9/2018;http://www.el-nacional.com/noticias/sociedad/vecinos-chacao-salieron-protestar-por-falta-agua_252692;2.8;;2.8.1;SI
33;EN  (05.12.2018)   EP   2.2.1..pdf;05.12.2018;Protestaron frente a la ULA para exigir respeto por autonomía universitaria;EN;5/12/2018;http://www.el-nacional.com/noticias/protestas/protestaron-frente-ula-para-exigir-respeto-por-autonomia-universitaria_262204;2.2;;2.2.1;SI
34;EN   (15.11.2018)   EP   2.8.1..pdf;15.11.2018;Comunidades de Palevecino en Lara protestan por falta de gas;EN;15/11/2018;http://www.el-nacional.com/noticias/protestas/comunidades-palevecino-lara-protestan-por-falta-gas_259839;2.8;;2.8.1;SI
35;EN   (19.11.2018)   EP   2.8.1..pdf;19.11.2018;Vecinos de la avenida Baralt protestaron por falta de agua;EN;20/11/2018;http://www.el-nacional.com/noticias/protestas/vecinos-avenida-baralt-protestaron-por-falta-agua_260351;2.8;;2.8.1;SI
36;EN   (13.11.2018)   1.2.2.   1.10.1..pdf;13.11.2018;Dictaron privativa de libertad para presidente de la FCU de la UC;EN;13/11/2018;http://www.el-nacional.com/noticias/politica/dictaron-privativa-libertad-para-presidente-fcu_258954;1.2;1.10;1.2.2, 1.10.1;NO
37;EN   (05.10.2018)   EP    2.8.1..pdf;05.10.2018;Vecinos de Santa Rosalía protestaron por estar 15 días sin luz;EN;5/10/2018;http://www.el-nacional.com/noticias/servicios/vecinos-santa-rosalia-protestaron-por-estar-dias-sin-luz_254494;2.8;;2.8.1;SI
38;EN   (20.11.2018)    2.3.4..pdf;20.11.2018;El gobierno emite resolución para eliminar los contratos colectivos;EN;20/11/2018;http://www.el-nacional.com/noticias/economia/gobierno-emite-resolucion-para-eliminar-los-contratos-colectivos_260363;2.3;;2.3.4;NO
39;EN   (14.11.2018)  CONTEXTO   19..pdf;14.11.2018;La AN declara inconstitucional toma de posesión de Maduro en enero;EN;14/11/2018;http://www.el-nacional.com/noticias/asamblea-nacional/declara-inconstitucional-toma-posesion-maduro-enero_259666;CONTEXTO;19;;NO
40;EN   (01.12.2018)   2.10.1..pdf;01.12.2018;Encovi: Cantidad de hogares pobres en Venezuela aumentó 48% en 2018;EN;1/12/2018;http://www.el-nacional.com/noticias/sociedad/encovi-cantidad-hogares-pobres-venezuela-aumento-2018_261657;2.10;;2.10.1;NO
41;EN  (16.10.2018)   EP   2.3.4..pdf;16.10.2018;Trabajadores de Sidor protestan en Bolívar por pago de contratos colectivos;EN;17/10/2018;http://www.el-nacional.com/noticias/protestas/trabajadores-sidor-protestan-bolivar-por-pago-contratos-colectivos_255938;2.3;;2.3.4;SI
42;EU    (01.12.2018)    2.10.1..pdf;01.12.2018;Ocupados 21 mataderos para evitar tráfico de carne;EU;1/12/2018;http://www.eluniversal.com/economia/27169/ocupados-21-mataderos-para-evitar-trafico-de-carne;2.10;;2.10.1;NO
43;EU   (06.10.2018)   EP   2.3.4..pdf;06.10.2018;Trabajadores públicos reclamaron por sus derechos laborales;EU;6/10/2018;http://www.eluniversal.com/politica/22487/trabajadores-publicos-reclamaron-por-sus-derechos-laborales;2.3;;2.3.4;SI
44;EN   (05.12.2018)   5.   2.2.1..pdf;05.12.2018;Cecodap: El Estado abandonó a niños y adolescentes;EN;5/12/2018;http://www.el-nacional.com/noticias/sociedad/cecodap-estado-abandono-ninos-adolescentes_262149;5;2.2;2.2.1;NO
45;EN   (29.09.2018)  1.2.1.  1.3.2..pdf;29.09.2018;Guanipa tras ser liberado: Nos golpearon sin ninguna razón;EN;29/9/2018;http://www.el-nacional.com/noticias/oposicion/guanipa-tras-ser-liberado-nos-golpearon-sin-ninguna-razon_253714;1.2;1.3;1.2.1, 1.3.2;NO
46;EN   (18.10.2018)   EP    2.3.4..pdf;18.10.2018;Habitantes de Barquisimeto protestan por sus derechos laborales;EN;18/10/2018;http://www.el-nacional.com/noticias/protestas/habitantes-barquisimeto-protestan-por-sus-derechos-laborales_256265;2.3;;2.3.4;SI
47;EN  (24.09.2018)  EP  2.1.1.    Médicos y enfermeras del HUC protestan por tener cinco días sin agua.pdf;24.09.2018;Médicos y enfermeras del HUC protestan por tener cinco días sin agua;EN;24/9/2018;http://www.el-nacional.com/noticias/protestas/medicos-enfermeras-del-huc-protestan-por-tener-cinco-dias-sin-agua_252976;2.1;;2.1.1;SI
48;EN   (19.11.2018)   EP    2.2.1..pdf;19.11.2018;Profesores y personal de la ULA exigieron seguridad en la institución;EN;20/11/2018;http://www.el-nacional.com/noticias/protestas/profesores-personal-ula-exigieron-seguridad-institucion_260297;2.2;;2.2.1;SI
49;EN  (28.09.2018)   EP   2.3.1..pdf;28.09.2018;Personal del Metro de Caracas interrumpió protesta de comité de usuarios;EN;28/9/2018;http://www.el-nacional.com/noticias/protestas/personal-del-metro-caracas-interrumpio-protestade-comite-usuarios_253560;2.3;;2.3.1;SI
50;EN    (02.12.2018)    EP   2.8.1..pdf;02.12.2018;Vecinos en Zulia protestan por bote de aguas negras en el sector Juan Ávila;EN;3/12/2018;http://www.el-nacional.com/noticias/protestas/vecinos-zulia-protestan-por-bote-aguas-negras-sector-juan-avila_261924;2.8;;2.8.1;SI
51;EU (19-08.2018) 2.1.2.   Ministerio de Salud_ 16 toneladas de medicamentos llegan al país para más de 400 mil pacientes.pdf;19-08.2018;Ministerio de Salud: 16 toneladas de medicamentos llegan al país para más de 400 mil pacientes;EU;19/9/2018;http://www.eluniversal.com/economia/21064/ministerio-de-salud-16-toneladas-de-medicamentos-llegan-al-pais-para-mas-de-400-mil-pacientes;2.1;;2.1.2;NO
52;EN   (21.10.2018)  EP   1.2.2.    Espacio Público_ Más de 17 personas han sido detenidas por tuitear.pdf;21.10.2018;Espacio Público: Más de 17 personas han sido detenidas por tuitear;EN;21/10/2018;http://www.el-nacional.com/noticias/sociedad/espacio-publico-mas-personas-han-sido-detenidas-por-tuitear_256609;1.2;17;1.2.2;SI
53;EN  (20.11.2018)   2.9.1.   3.2.1..pdf;20.11.2018;Pemones abandonaron sus trabajos como guías turísticos para buscar oro;EN;20/11/2018;http://www.el-nacional.com/noticias/economia/pemones-abandonaron-sus-trabajos-como-guias-turisticos-para-buscar-oro_260487;2.9;3.2;2.9.1, 3.2.1;NO
54;EN  (19.10.2018)   3.2.1.   2.8.1..pdf;19.10.2018;Vecinos de Chacao se organizan ante las malas condiciones del agua;EN;19/10/2018;http://www.el-nacional.com/noticias/servicios/vecinos-chacao-organizan-ante-las-malas-condiciones-del-agua_256205;3.2;2.8;3.2.1, 2.8.1;NO
55;EN   (03.12.2018)   EP   2.3.4..pdf;03.12.2018;Docentes de Guárico protestan por mejoras salariales;EN;3/12/2018;http://www.el-nacional.com/noticias/protestas/docentes-guarico-protestan-por-mejoras-salariales_261928;2.3;;2.3.4;SI
56;EU   (05.10.2018)    EP    2.3.4..pdf;05.10.2018;Gremios consignaron documento en la Inspectoría del Trabajo para exigir mejoras salariales;EU;5/10/2018;http://www.eluniversal.com/politica/22442/diversos-gremios-entregaron-documento-a-inspectoria-del-trabajo;2.3;;2.3.4;SI
57;EN   (24.11.2018)   1.2.1.3..pdf;24.11.2018;135 venezolanos están detenidos en Trinidad y Tobago;EN;24/11/2018;http://www.el-nacional.com/noticias/mundo/135-venezolanos-estan-detenidos-trinidad-tobago_260972;1.2;;1.2.1.3;NO
58;EN   (17.11.2018)   1.2.2.   1.3.1..pdf;17.11.2018;Denunciaron torturas al capitán Caguaripano durante su audiencia previa;EN;17/11/2018;http://www.el-nacional.com/noticias/presos-politicos/denunciaron-torturas-capitan-caguaripano-durante-audiencia-previa_260099;1.2;1.3;1.2.2, 1.3.1;NO
59;EN  (03.10.2018)  1.2.2.   1.10.1.pdf;03.10.2018;Jueza militar que huyó a Colombia pidió perdón a Gilber Caro;EN;3/10/2018;http://www.el-nacional.com/noticias/politica/jueza-militar-que-huyo-colombia-pidio-perdon-gilber-caro_254099;1.2;1.10;1.2.2, 1.10.1;NO
60;EN  (16.10.2018)  EP  2.3.4..pdf;16.10.2018;Trabajadores del IND protestan para rechazar reducción de tabla salarial;EN;17/10/2018;http://www.el-nacional.com/noticias/protestas/trabajadores-del-ind-protestan-para-rechazar-reduccion-tabla-salarial_255945;2.3;;2.3.4;SI
61;EN  (06.10.20180       2.9.1.   2.10.1..pdf;06.10.20180;110 yupkas dejaron la Sierra de Perijá y se instalaron en Cúcuta;EN;6/10/2018;http://www.el-nacional.com/noticias/sociedad/110-yupkas-dejaron-sierra-perija-instalaron-cucuta_254636;2.9;2.10;2.9.1, 2.10.1;NO
62;EU  (02.10.2018)   EP   2.3.1..pdf;02.10.2018;Denuncian que no hay transporte en urbanización Nueva Casarapa de Guarenas;EU;2/10/2018;http://www.eluniversal.com/caracas/22031/denuncian-que-no-hay-transporte-en-urbanizacion-nueva-casarapa-de-guarenas;2.3;;2.3.1;SI
63;EN  (23.11.2018)   CONTEXTO  1.10.1.pdf;23.11.2018;España accedió a extraditar al guardaespaldas de Chávez a Venezuela;EN;23/11/2018;http://www.el-nacional.com/noticias/politica/espana-accedio-extraditar-guardaespaldas-chavez-venezuela_260856;CONTEXTO;1.10;1.10.1;NO
64;EN (16.09.2018)  1.10.1.  5.  El País_ El olvido de los muertos en las protestas contra Nicolás Maduro.pdf;16.09.2018;El País: El olvido de los muertos en las protestas contra Nicolás Maduro;EN;16/9/2018;http://www.el-nacional.com/noticias/sociedad/pais-olvido-los-muertos-las-protestas-contra-nicolas-maduro_251949;1.10;5;1.10.1;NO
65;EN  (04.12.2018)  EP    2.2.1..pdf;04.12.2018;Estudiantes del Pedagógico de Caracas exigieron condiciones dignas;EN;4/12/2018;http://www.el-nacional.com/noticias/sociedad/estudiantes-del-pedagogico-caracas-exigieron-condiciones-dignas_262032;2.2;;2.2.1;SI
66;EN  (13.11.2018)   12.  CONTEXTO.pdf;13.11.2018;José Virtuoso: “La sociedad tiene que defender la Constitución”;EN;13/11/2018;http://www.el-nacional.com/noticias/politica/jose-virtuoso-sociedad-tiene-que-defender-constitucion_259602;12;CONTEXTO;;NO
67;EU   (02.12.2018)   CONTEXTO.pdf;02.12.2018;Curcio: la expansión monetaria no causa la hiperinflación;EU;2/12/2018;http://www.eluniversal.com/economia/27222/curcio-la-expansion-monetaria-no-causa-la-hiperinflacion;CONTEXTO;;;NO
68;EN   (21.101.2018)   EP   2.8.1..pdf;21.101.2018;Protestan en una parroquia de Charallave por tener cuatro días sin luz;EN;21/10/2018;http://www.el-nacional.com/noticias/protestas/protestan-una-parroquia-charallave-por-tener-cuatro-dias-sin-luz_256638;2.8;;2.8.1;SI
69;EU (19.09.2018)  EP  2.8.1.  Protesta en la Caracas-La Guaira mantiene bloqueada esta arteria vial.pdf;19.09.2018;Protesta en la Caracas-La Guaira mantiene bloqueada esta arteria vial;EU;19/9/2018;http://www.eluniversal.com/caracas/21061/protesta-en-la-caracasla-guaira-mantiene-bloqueada-esta-arteria-vial;2.8;;2.8.1;SI
70;EN   (21.11.2018)    EP  1.3.2.1..pdf;21.11.2018;Estudiante de la UCV resultó herida durante represión;EN;21/11/2018;http://www.el-nacional.com/noticias/protestas/estudiante-ucv-resulto-herida-durante-represion_260594;1.3;;1.3.2.1;SI
71;EN   (19.11.2018)    EP    2.1.1.   2.10.1.pdf;19.11.2018;Sector Salud protesta en Zulia por altos índices de desnutrición infantil;EN;20/11/2018;http://www.el-nacional.com/noticias/protestas/sector-salud-protesta-zulia-por-altos-indices-desnutricion-infantil_260417;2.1;2.10;2.1.1, 2.10.1;SI
72;EU   (16.101.2018)  3.2.1.   1.10.1..pdf;16.101.2018;Denuncian masacre de 16 personas en Bolívar por enfrentamiento entre banda y el ELN;EU;17/10/2018;http://www.eluniversal.com/el-universal/23401/denuncian-masacre-de-16-personas-en-bolivar-por-enfrentamiento-entre-banda-y-el-eln;3.2;1.10;3.2.1, 1.10.1;NO
73;EN   (03.12.2018)    EP   2.3.5..pdf;03.12.2018;Enfermeros del Iahula en Mérida no perciben salarios desde hace siete meses;EN;3/12/2018;http://www.el-nacional.com/noticias/sociedad/enfermeros-del-iahula-merida-perciben-salarios-desde-hace-siete-meses_261902;2.3;;2.3.5;SI
74;EN   (22.11.2018)   EP   2.3.4.   2.2.1..pdf;22.11.2018;Empleados de la ULA protestaron para exigir mejoras salariales;EN;22/11/2018;http://www.el-nacional.com/noticias/protestas/empleados-ula-protestaron-para-exigir-mejoras-salariales_260704;2.3;2.2;2.3.4, 2.2.1;SI
75;EN  (09.10.2018)  1.1.1.3.   1.2.2..pdf;09.10.2018;Los presos políticos que han muerto en las instalaciones del Sebin;EN;9/10/2018;http://www.el-nacional.com/noticias/presos-politicos/los-presos-politicos-que-han-muerto-las-instalaciones-del-sebin_254931;1.1;1.2;1.1.1.3, 1.2.2;NO
76;EU   (14.101.2018)   CONTEXTO   18..pdf;14.101.2018;Delegado de Acnur y OIM para el éxodo venezolano llega mañana a Colombia;EU;14/10/2018;http://www.eluniversal.com/politica/23173/delegado-de-acnur-y-oim-para-el-exodo-venezolano-llega-manana-a-colombia;CONTEXTO;18;;NO
77;EN   (12-10-2018)   1.2.2.    1.3.2.1..pdf;12-10-2018;Denuncian que el general Baduel tiene 10 semanas aislado;EN;12/10/2018;http://www.el-nacional.com/noticias/presos-politicos/denuncian-que-general-baduel-tiene-semanas-aislado_255472;1.2;1.3;1.2.2, 1.3.2.1;NO
78;EN  (03.12.2018)  2.1.1.  18..pdf;03.12.2018;La OMS señala que sistema sanitario venezolano se redujo 20%;EN;4/12/2018;http://www.el-nacional.com/noticias/mundo/oms-senala-que-sistema-sanitario-venezolano-redujo_261993;2.1;18;2.1.1;NO
79;EN   (19.10.2018)   2.2.1.   Sustitutos que despiertan dudas.pdf;19.10.2018;Sustitutos que despiertan dudas;EN;19/10/2018;http://www.el-nacional.com/noticias/educacion/sustitutos-que-despiertan-dudas_252826;2.2;;2.2.1;NO
80;EN   (16.10.2018)   EP   2.3.4..pdf;16.10.2018;Maestros en Cojedes marcharon para rechazar tabulador salarial;EN;17/10/2018;http://www.el-nacional.com/noticias/protestas/maestros-cojedes-marcharon-para-rechazar-tabulador-salarial_255940;2.3;;2.3.4;SI
81;EU (19.09.2018) EP  2.1.1.  Sindicatos de salud de Nueva Esparta se suman a la _toma nacional_ de la sede ministerial.pdf;19.09.2018;"Sindicatos de salud de Nueva Esparta se suman a la ""toma nacional"" de la sede ministerial";EU;19/9/2018;http://www.eluniversal.com/venezuela/21088/sindicatos-de-salud-de-nueva-esparta-se-suman-a-la-toma-nacional-de-la-sede-ministerial;2.1;;2.1.1;SI
82;EN  (04.10.2018)  EP   5.  18..pdf;04.10.2018;Espacio Público ante la CIDH: Venezuela tiene una crisis económica inmensa;EN;4/10/2018;http://www.el-nacional.com/noticias/mundo/espacio-publico-ante-cidh-venezuela-tiene-una-crisis-economica-inmensa_254343;5;18;;SI
83;EU  (07.10.2018)   3.1.1..pdf;07.10.2018;Semilla, electricidad y agua piden productores agrícolas;EU;7/10/2018;http://www.eluniversal.com/economia/22544/semilla-electricidad-y-agua-piden-productores-agricolas;3.1;;3.1.1;NO
84;EN  (28.09.2018)  1.2.2.  1.10.1.pdf;28.09.2018;Defensa de Requesens: Ministerio Público debe concluir su investigación;EN;28/9/2018;http://www.el-nacional.com/noticias/presos-politicos/defensa-requesens-ministerio-publico-debe-concluir-investigacion_253586;1.2;1.10;1.2.2, 1.10.1;NO
85;EN   (04.12.2018)   2.2.1..pdf;04.12.2018;Estudiantes de Bioanálisis rechazan presunto cierre técnico de sus escuelas;EU;4/12/2018;http://www.eluniversal.com/caracas/27311/estudiantes-de-bioanalisis-se-pronuncian-por-presunto-cierre-tecnico-de-sus-escuelas-a-nivel;2.2;;2.2.1;NO
86;EU   (03.12.2018)   1.1.1.6.   Familiares de presos ultimados en Caricuao denunciarán ante Fiscalía militar.pdf;03.12.2018;Familiares de presos ultimados en Caricuao denunciarán ante Fiscalía militar;EU;3/12/2018;http://www.eluniversal.com/sucesos/27241/familiares-de-presos-ultimados-en-caricuao-denunciaran-ante-fiscalia-militar;1.1;;1.1.1.6;NO
87;EN (21-09-2018) EP  2.3.4.   Maestros protestaron en el Ministerio de Educación este viernes.pdf;21-09-2018;Maestros protestaron en el Ministerio de Educación este viernes;EN;21/9/2018;http://www.el-nacional.com/noticias/protestas/maestros-protestaron-ministerio-educacion-este-viernes_252689;2.3;;2.3.4;SI
88;EN   (16.10.2018)   EP    2.3.4..pdf;16.10.2018;Protestan en la Concepción Palacios en defensa del contrato colectivo;EN;17/10/2018;http://www.el-nacional.com/noticias/protestas/protestan-concepcion-palacios-defensa-del-contrato-colectivo_255937;2.3;;2.3.4;SI
89;EN  (06.12.2018)  EP   2.8.1..pdf;06.12.2018;Habitantes de Carabobo protestaron por falta de gas doméstico;EN;6/12/2018;http://www.el-nacional.com/noticias/protestas/habitantes-carabobo-protestaronpor-falta-gas-domestico_262337;2.8;;2.8.1;SI
90;EN  (04.10.2018)   EP  5.  18..pdf;04.10.2018;OVSC ante la CIDH pidió cese de la criminalización de la protesta pacífica;EN;4/10/2018;http://www.el-nacional.com/noticias/politica/ovsc-ante-cidh-pidio-cese-criminalizacion-protesta-pacifica_254342;5;18;;SI
91;EU   (05-10-2018)   EP    2.3.4..pdf;05-10-2018;Por no recibirlos Frente Amplio en Nueva Esparta impone voto de censura a Inspector del Trabajo;EU;5/10/2018;http://www.eluniversal.com/venezuela/22454/por-no-recibirlos-frente-amplio-en-nueva-esparta-impone-voto-de-censura-a-inspector-del-trabajo;2.3;;2.3.4;SI
92;EN   (04.12.2018)    EP   1.2.2.  1.10.2.1..pdf;04.12.2018;Trabajadores exigieron a la Defensoría la liberación de Rubén González;EN;4/12/2018;http://www.el-nacional.com/noticias/politica/trabajadores-exigieron-defensoria-liberacion-ruben-gonzalez_262039;1.2;1.10;1.2.2, 1.10.2.1;SI
93;EN   (27.09.2018)   2.1.1.    La feminización del VIH en Venezuela sumergida en una crisis.pdf;27.09.2018;La feminización del VIH en Venezuela sumergida en una crisis;EN;27/9/2018;http://www.el-nacional.com/noticias/salud/feminizacion-del-vih-venezuela-sumergida-una-crisis_253363;2.1;;2.1.1;NO
94;EN (17.09.2018) EP   2.3.4.   Trabajadores de la Asamblea Nacional protestan para exigir pago de salarios.pdf;17.09.2018;Trabajadores de la Asamblea Nacional protestan para exigir pago de salarios;EN;17/9/2018;http://www.el-nacional.com/noticias/protestas/trabajadores-asamblea-nacional-protestan-para-exigir-pago-salarios_252023;2.3;;2.3.4;SI
95;EN  (13.11.2018)   EP   2.3.4..pdf;13.11.2018;Docentes de Mérida protestaron por mejora salarial;EN;13/11/2018;http://www.el-nacional.com/noticias/protestas/docentes-merida-protestaron-por-mejora-salarial_259560;2.3;;2.3.4;SI
96;EU   (07.10.2018)   18.  CONTEXTO.pdf;07.10.2018;ONU quiere enfocar esfuerzos regionales en protección de migrantes venezolanos;EU;7/10/2018;http://www.eluniversal.com/politica/22549/onu-quiere-enfocar-esfuerzos-regionales-en-proteccion-de-migrantes-venezolanos;18;CONTEXTO;;NO
97;EU  (11.10.2018)   1.10.1..pdf;11.10.2018;Ministro Reverol: Homicidios en Caracas han disminuido un 35,4%;EU;11/10/2018;http://www.eluniversal.com/sucesos/22959/ministro-reverol-homicidios-en-caracas-han-disminuido-un-354;1.10;;1.10.1;NO
98;EN  (18.101.2018)   12.   CONTEXTO.pdf;18.101.2018;La oposición y el chavismo disidente se unen en defensa de la Constitución;EN;18/10/2018;http://www.el-nacional.com/noticias/politica/oposicion-chavismo-disidente-unen-defensa-constitucion_256240;12;CONTEXTO;;NO
99;EN  (27.11.2018)   18.  CONTEXTO.pdf;27.11.2018;OIM y Acnur exaltaron plan de trabajo para migrantes venezolanos;EN;27/11/2018;http://www.el-nacional.com/noticias/mundo/oim-acnur-exaltaron-plan-trabajo-para-migrantes-venezolanos_261205;18;CONTEXTO;;NO
100;EN   (05.10.2018)   CONTEXTO  5..pdf;05.10.2018;CDH-UCAB: Migrantes y refugiados venezolanos son vulnerables;EN;5/10/2018;http://www.el-nacional.com/noticias/politica/cdh-ucab-migrantes-refugiados-venezolanos-son-vulnerables_254504;CONTEXTO;5;;NO
101;EN   (09.10.2018)  3.2.1.   2.1.1..pdf;09.10.2018;Aumentan la minería ilegal y el paludismo en Amazonas;EN;9/10/2018;http://www.el-nacional.com/noticias/salud/aumentan-mineria-ilegal-paludismo-amazonas_254975;3.2;2.1;3.2.1, 2.1.1;NO
102;EN  (26.09.2018)  EP  2.6.1.   Jubilados de Cantv exigen mejores condiciones por sus años de servicio.pdf;26.09.2018;Jubilados de Cantv exigen mejores condiciones por sus años de servicio;EN;26/9/2018;http://www.el-nacional.com/noticias/politica/jubilados-cantv-exigen-mejores-condiciones-por-sus-anos-servicio_253142;2.6;;2.6.1;SI
103;EN   (24.11.2018)    1.1.1.3.   1.10.1..pdf;24.11.2018;Audiencia de funcionarios del Sebin relacionados al caso Albán fue diferida;EN;24/11/2018;http://www.el-nacional.com/noticias/politica/audiencia-funcionarios-del-sebin-relacionados-caso-alban-fue-diferida_260906;1.1;1.10;1.1.1.3, 1.10.1;NO
104;EN   (17.10.2018)   CONTEXTO   18..pdf;17.10.2018;Costa Rica apoya iniciativa para investigar a Nicolás Maduro ante CPI;EN;17/10/2018;http://www.el-nacional.com/noticias/latinoamerica/costa-rica-apoya-iniciativa-para-investigar-nicolas-maduro-ante-cpi_256076;CONTEXTO;18;;NO
105;EU  (14.101.2018)   1.2.2.    1.10.1.1..pdf;14.101.2018;Lorent Saleh asegura que no está desterrado y volverá;EU;14/10/2018;http://www.eluniversal.com/politica/23117/lorent-saleh-asegura-que-no-esta-desterrado-y-volvera;1.2;1.10;1.2.2, 1.10.1.1;NO
106;EU    (10.101.2018) 1.7  EP.pdf;10.101.2018;Ordenan salida de aire del programa “Gente de Palabra”;EU;10/10/2018;http://www.eluniversal.com/el-universal/22804/ordenan-salida-de-aire-del-programa-del-programa-gente-de-palabra;1.7;;;SI
107;EN   (14.10.2018)   CONTEXTO.pdf;14.10.2018;España planteará ante la UE cambiar sanciones por diálogo con Venezuela;EN;14/10/2018;http://www.el-nacional.com/noticias/politica/espana-planteara-ante-cambiar-sanciones-por-dialogo-con-venezuela_255700;CONTEXTO;;;NO
108;EN   (22.11.2018)  2.3.4..pdf;22.11.2018;Trabajadores de Ferrominera de Guayana exigen aumento de sueldo;EN;22/11/2018;http://www.el-nacional.com/noticias/protestas/trabajadores-ferrominera-guayana-exigen-aumento-sueldo_260707;2.3;;2.3.4;NO
109;EN  (18.09.2018)  EP  2.3.4.  Trabajadores del Metro protestaron en Chacao.pdf;18.09.2018;Trabajadores del Metro protestaron en Chacao;EN;18/9/2018;http://www.el-nacional.com/noticias/sociedad/trabajadores-del-metro-protestaron-chacao_252182;2.3;;2.3.4;SI
110;EU   (20.11.2018)   EP   2.2.1.   2.3.4..pdf;20.11.2018;Docentes, personal obrero y administrativo de Fe y Alegría protestaron para exigir salarios justos;EU;20/11/2018;http://www.eluniversal.com/politica/26236/docentes-y-personal-obrero-de-fe-y-alegria-protestaron-para-exigir-salarios-justos;2.2;2.3;2.2.1, 2.3.4;SI
111;EN   (14.10.2018)  1.2.2.    1.10.1..pdf;14.10.2018;Lorent Saleh: Cronología de un preso político;EN;14/10/2018;http://www.el-nacional.com/noticias/presos-politicos/lorent-saleh-cronologia-preso-politico_255547;1.2;1.10;1.2.2, 1.10.1;NO
112;EN  (03.10.2018)  1.2.2.    1.10.1..pdf;03.10.2018;Denuncian que el tribunal prepara un “juicio clandestino” a Requesens;EN;3/10/2018;http://www.el-nacional.com/noticias/presos-politicos/denuncian-que-tribunal-prepara-juicio-clandestino-requesens_254100;1.2;1.10;1.2.2, 1.10.1;NO
113;EN  (02.10.2018)  1.7  EP.pdf;02.10.2018;Instituto Prensa y Sociedad denunció censura de medios digitales en el país;EN;2/10/2018;http://www.el-nacional.com/noticias/politica/instituto-prensa-sociedad-denuncio-censura-medios-digitales-pais_253922;1.7;;;SI
114;EN  (05.12.2018)  2.1.1..pdf;05.12.2018;La OPS aprobó $ 5 millones para tratar el VIH y la tuberculosis;EN;5/12/2018;http://www.el-nacional.com/noticias/sociedad/ops-aprobo-millones-para-tratar-vih-tuberculosis_262146;2.1;;2.1.1;NO
115;EN   (15.10.2018)   1.2.4..pdf;15.10.2018;Confirmaron fuga de rehenes en centro penitenciario en Porlamar;EN;15/10/2018;http://www.el-nacional.com/noticias/sucesos/confirmaron-fuga-rehenes-centro-penitenciario-porlamar_255738;1.2;;1.2.4;NO
116;EN (25.09.2018)  1.10.1. 1.2.4.    287 presos se fugaron entre enero y agosto de 2018.pdf;25.09.2018;287 presos se fugaron entre enero y agosto de 2018;EN;25/9/2018;http://www.el-nacional.com/noticias/sucesos/287-presos-fugaron-entre-enero-agosto-2018_253111;1.10;1.2;1.10.1, 1.2.4;NO
117;EN  (06.10.2018)   3.2.1..pdf;06.10.2018;Basura pone en riesgo la salud de los vecinos en Maracaibo;EN;6/10/2018;http://www.el-nacional.com/noticias/sociedad/basura-pone-riesgo-salud-los-vecinos-maracaibo_254633;3.2;;3.2.1;NO
118;EN  (29.09.2018)    2.1.1..pdf;29.09.2018;Hospitales se quedan sin camas ni enfermeras;EN;29/9/2018;http://www.el-nacional.com/noticias/sociedad/hospitales-quedan-sin-camas-enfermeras_253524;2.1;;2.1.1;NO
119;EN   (13.11.2018)   EP     2.3.4..pdf;13.11.2018;A media máquina trabajarán en la morgue por mora en los pagos;EN;13/11/2018;http://www.el-nacional.com/noticias/sucesos/media-maquina-trabajaran-morgue-por-mora-los-pagos_259489;2.3;;2.3.4;SI
120;EN   (14.11.2018)    1.1.1.9..pdf;14.11.2018;“Cada cinco minutos mataban uno y no hubo enfrentamiento”;EN;14/11/2018;http://www.el-nacional.com/noticias/sucesos/cada-cinco-minutos-mataban-uno-hubo-enfrentamiento_259619;1.1;;1.1.1.9;NO
121;EN  (28.09.2018)   18.   5..pdf;28.09.2018;Ligia Bolívar: Aceptar la ayuda humanitaria está en manos del gobierno;EN;28/9/2018;http://www.el-nacional.com/noticias/politica/ligia-bolivar-aceptar-ayuda-humanitaria-esta-manos-del-gobierno_253561;18;5;;NO
122;EU (19.08.2018)  5.  1.10.1.  ONU nombra a Eduardo Stein como representante para la crisis migratoria venezolana.pdf;19.08.2018;ONU nombra a Eduardo Stein como representante para la crisis migratoria venezolana;EU;19/9/2018;http://www.eluniversal.com/politica/21100/onu-nombra-a-eduardo-stein-como-representante-para-la-crisis-migratoria-venezolana;5;1.10;1.10.1;NO
123;EN  (20.10.2018)  18.   1.10.1.1   Luisa Ortega Díaz presentará nuevas pruebas contra Maduro ante la CPI.pdf;20.10.2018;Luisa Ortega Díaz presentará nuevas pruebas contra Maduro ante la CPI;EN;20/10/2018;http://www.el-nacional.com/noticias/politica/luisa-ortega-diaz-presentara-nuevas-pruebas-contra-maduro-ante-cpi_256544;18;1.10;1.10.1.1;NO
124;EN (19.08.2018)  2.3.4.    Gobierno desmejoró las escalas salariales del sector público desde 2007.pdf;19.08.2018;Gobierno desmejoró las escalas salariales del sector público desde 2007;EN;19/9/2018;http://www.el-nacional.com/noticias/economia/gobierno-desmejoro-las-escalas-salariales-del-sector-publico-desde-2007_252283;2.3;;2.3.4;NO
125;EN  (22.10.2018)   1.2.4..pdf;22.10.2018;Cinco presos han muerto en lo que va de año en calabozos de la PNB;EN;22/10/2018;http://www.el-nacional.com/noticias/sucesos/cinco-presos-han-muerto-que-ano-calabozos-pnb_256744;1.2;;1.2.4;NO
126;EU    (23.11.2018)   CONTEXTO.pdf;23.11.2018;"Rechazan incluir Venezuela entre ""países terroristas""";EU;23/11/2018;http://www.eluniversal.com/politica/26495/rechazan-incluir-venezuela-entre-paises-terroristas;CONTEXTO;;;NO
127;EN   (23.11.2018)    EP   2.8.1..pdf;23.11.2018;Vecinos protestan en El Paraíso por falta de servicios públicos;EU;23/11/2018;http://www.eluniversal.com/politica/26523/protestan-en-el-paraiso-por-falta-de-servicios-publicos;2.8;;2.8.1;SI
128;EU   (21.11.2018)   1.2.2..pdf;21.11.2018;Trasladan a Simonovis nuevamente a su casa tras una revisión médica en el Sebin;EU;21/11/2018;http://www.eluniversal.com/politica/26313/trasladan-a-simonovis-sin-orden-judicial-a-la-sede-del-sebin-en-plaza-venezuela;1.2;;1.2.2;NO
129;EU (21.09.2018)  3.2.1.   Avanzan en el desalojo y clausura de la planta de transferencia de Las Mayas.pdf;21.09.2018;Avanzan en el desalojo y clausura de la planta de transferencia de Las Mayas;EU;21/9/2018;http://www.eluniversal.com/caracas/21266/avanzan-en-el-desalojo-y-clausura-de-la-planta-de-transferencia-de-las-mayas;3.2;;3.2.1;NO
130;EU  (04.10.2018)   18..pdf;04.10.2018;CIDH pide ir a Venezuela para evaluar situación de los derechos humanos;EU;4/10/2018;http://www.eluniversal.com/politica/22353/la-cidh-pide-ir-a-venezuela-para-evaluar-la-situacion-de-derechos-humanos;18;;;NO
131;EN   (01.12.2018)    2.1.1.   2.1.1.1..pdf;01.12.2018;95% de los hospitales carece de equipos para hacer diagnósticos;EN;1/12/2018;http://www.el-nacional.com/noticias/sociedad/los-hospitales-carece-equipos-para-hacer-diagnosticos_261602;2.1;2.1;2.1.1, 2.1.1.1;NO
132;EN  (29.09.2018)   CONTEXTO.pdf;29.09.2018;Encuesta: 60% de la población está de acuerdo con un derrocamiento militar;EN;29/9/2018;http://www.el-nacional.com/noticias/politica/encuesta-poblacion-esta-acuerdo-con-derrocamiento-militar_253680;CONTEXTO;;;NO
133;EN   (24.11.2018)   2.1.1..pdf;24.11.2018;Contaminación en el hospital precipitó muerte de dos niñas;EN;24/11/2018;http://www.el-nacional.com/noticias/sociedad/contaminacion-hospital-precipito-muerte-dos-ninas_260778;2.1;;2.1.1;NO
134;EN  (09.10.2018)   18.   1.1.1.3..pdf;09.10.2018;ONU investigará muerte de Fernando Albán;EN;9/10/2018;http://www.el-nacional.com/noticias/mundo/onu-investigara-muerte-fernando-alban_254971;18;1.1;1.1.1.3;NO
135;EN   (13.11.2018)   EP   1.3.3.    2.1.1..pdf;13.11.2018;Denuncian que directiva del HUC amenaza con armas a empleados que protestan;EN;13/11/2018;http://www.el-nacional.com/noticias/sociedad/denuncian-que-directiva-del-huc-amenaza-con-armas-empleados-que-protestan_259541;1.3;2.1;1.3.3, 2.1.1;SI
136;EN   (03.12.2018)    EP   2.10.1..pdf;03.12.2018;Habitantes de Bolívar protestaron por no recibir pernil;EN;3/12/2018;http://www.el-nacional.com/noticias/protestas/habitantes-bolivar-protestaron-por-recibir-pernil_261926;2.10;;2.10.1;SI
137;EU   (28.09.2018)    18.   5..pdf;28.09.2018;Gobierno tildó de hostil resolución del Consejo de DDHH de la ONU sobre Venezuela;EU;28/9/2018;http://www.eluniversal.com/politica/21863/gobierno-tildo-de-hostil-resolucion-del-consejo-de-ddhh-de-la-onu-sobre-venezuela;18;5;;NO
138;EN   (22.11.2018)   EP   2.3.4..pdf;22.11.2018;Empleados de Bolipuertos exigieron ajuste salarial y amenazaron con cierre;EN;22/11/2018;http://www.el-nacional.com/noticias/protestas/empleados-bolipuertos-exigieron-ajuste-salarial-amenazaron-con-cierre_260758;2.3;;2.3.4;SI
139;EN   (24.11.2018)   CONTEXTO.pdf;24.11.2018;Denuncian que el ELN ocupa áreas de Lara y Falcón;EN;24/11/2018;http://www.el-nacional.com/noticias/sucesos/denuncian-que-eln-ocupa-areas-lara-falcon_260780;CONTEXTO;;;NO
140;EN   (27.11.2018) 12.  CONTEXTO.pdf;27.11.2018;Frente Amplio inicia la lucha unitaria hacia la transición;EN;27/11/2018;http://www.el-nacional.com/noticias/politica/frente-amplio-inicia-lucha-unitaria-hacia-transicion_261210;12;CONTEXTO;;NO
141;EN  (21.10.2018)  18.  CONTEXTO.pdf;21.10.2018;“Chavismo originario” pide cambio de gobierno;EN;21/10/2018;http://www.el-nacional.com/noticias/politica/chavismo-originario-pide-cambio-gobierno_256579;18;CONTEXTO;;NO
142;EN   (02.12.2018)   2.1.1..pdf;02.12.2018;12 colegios privados han cerrado sus puertas en Nueva Esparta;EN;2/12/2018;http://www.el-nacional.com/noticias/educacion/colegios-privados-han-cerrado-sus-puertas-nueva-esparta_261655;2.1;;2.1.1;NO
143;EN (19.09.2018)  EP   2.3.4.   Enfermeros de Zulia protestaron para exigir mejoras salariales.pdf;19.09.2018;Enfermeros de Zulia protestaron para exigir mejoras salariales;EN;19/9/2018;http://www.el-nacional.com/noticias/protestas/enfermeros-zulia-protestaron-para-exigir-mejoras-salariales_252340;2.3;;2.3.4;SI
144;EN  (23.11.2018)   EP   2.3.4..pdf;23.11.2018;Docentes protestaron en Mérida para exigir mejoras salariales;EN;23/11/2018;http://www.el-nacional.com/noticias/protestas/docentes-protestaron-merida-para-exigir-mejoras-salariales_260852;2.3;;2.3.4;SI
145;EN (24.09.2018)  1.2.1.3.   2.1.1.    Denunciaron que propietario de farmacia en Amazonas tiene 30 días detenido.pdf;24.09.2018;Denunciaron que propietario de farmacia en Amazonas tiene 30 días detenido;EN;24/9/2018;http://www.el-nacional.com/noticias/sociedad/denunciaron-que-propietario-farmacia-amazonas-tiene-dias-detenido_252957;1.2;2.1;1.2.1.3, 2.1.1;NO
146;EN  (30.09.2018)  EP   2.3.4..pdf;30.09.2018;Trabajadores de Venalum exigen respeto al contrato colectivo;EN;30/9/2018;http://www.el-nacional.com/noticias/protestas/trabajadores-venalum-exigen-respeto-contrato-colectivo_253768;2.3;;2.3.4;SI
147;EN  (17.10.2018)  3.2.1.   1.10.1..pdf;17.10.2018;Reportaron hallazgo de siete cadáveres en la mina de Tumeremo;EN;17/10/2018;http://www.el-nacional.com/noticias/sucesos/reportaron-hallazgo-siete-cadaveres-mina-tumeremo_256086;3.2;1.10;3.2.1, 1.10.1;NO
148;EN   (06.12.2018)   1.2.2.   18..pdf;06.12.2018;Lorent Saleh se reunió con Bachelet para denunciar violaciones de DD HH;EN;6/12/2018;http://www.el-nacional.com/noticias/politica/lorent-saleh-reunio-con-bachelet-para-denunciar-violaciones_262365;1.2;18;1.2.2;NO
149;EU  (08.10.2018)   1.1.1.3.    1.2.2..pdf;08.10.2018;Primero Justicia: Concejal Fernando Albán fue asesinado en la sede del Sebin;EU;8/10/2018;http://www.eluniversal.com/sucesos/22693/primero-justicia-concejal-fernando-alban-fue-asesinado-en-la-sede-del-sebin;1.1;1.2;1.1.1.3, 1.2.2;NO
150;EN  (16.10.2018)  EP    2.1.1.    2.2.1.   2.3.1.   2.10.1.  2.6.1.   2.8.1.  3.2.1..pdf;16.10.2018;Se registraron 983 protestas por derechos sociales en septiembre;EN;17/10/2018;http://www.el-nacional.com/noticias/protestas/registraron-983-protestas-por-derechos-sociales-septiembre_255843;2.1;2.2, 2.3, 2.10, 2.6, 2.8, 3.2;2.1.1, 2.2.1, 2.3.1, 2.10.1, 2.6.1, 2.8.1, 3.2.1;SI
151;EN (24.09.2018) 1.2.1.3.  EP    Cinco reporteros fueron retenidos por el Dgcim.pdf;24.09.2018;Cinco reporteros fueron retenidos por el Dgcim;EN;24/9/2018;http://www.el-nacional.com/noticias/sociedad/cinco-reporteros-fueron-retenidos-por-dgcim_253035;1.2;;1.2.1.3;SI
152;EN  (05.10.2018)  1.2.2.  1.10.1..pdf;05.10.2018;Detuvieron a concejal del municipio Libertador en Maiquetía;EN;5/10/2018;http://www.el-nacional.com/noticias/politica/detuvieron-concejal-del-municipio-libertador-maiquetia_254513;1.2;1.10;1.2.2, 1.10.1;NO
153;EU  (14.10.2018)   1.1.1.3.   1.10.1..pdf;14.10.2018;Tarek William Saab: Autopsia esclarece que Fernando Albán se suicidó;EU;14/10/2018;http://www.eluniversal.com/politica/23158/tarek-william-saab-autopsia-de-esclarece-que-se-suicido;1.1;1.10;1.1.1.3, 1.10.1;NO
154;EN  (28.09.2018)  EP   2.8.1..pdf;28.09.2018;Vecinos de Colinas del Neverí protestaron por falta de agua y aseo urbano;EN;28/9/2018;http://www.el-nacional.com/noticias/protestas/vecinos-colinas-del-neveri-protestaron-por-falta-agua-aseo-urbano_253564;2.8;;2.8.1;SI
155;EN   (18.10.2018) 2.3.1..pdf;18.10.2018;La mayoría de las empresas no se acogió al subsidio de Maduro;EN;18/10/2018;http://www.el-nacional.com/noticias/economia/mayoria-las-empresas-acogio-subsidio-maduro_256225;2.3;;2.3.1;NO
156;EN  (17.10.2018)   2.2.1..pdf;17.10.2018;Rechazaron plan estatal para formar profesores;EN;17/10/2018;http://www.el-nacional.com/noticias/educacion/rechazaron-plan-estatal-para-formar-profesores_256061;2.2;;2.2.1;NO
157;EN   (19.10.2018)  1.2.2.   1.10.1.1.pdf;19.10.2018;Teniente Carlos Esqueda llegó a Colombia tras orden de recaptura;EN;19/10/2018;http://www.el-nacional.com/noticias/politica/teniente-carlos-esqueda-llego-colombia-tras-orden-recaptura_256477;1.2;1.10;1.2.2, 1.10.1.1;NO
158;EN   (18.10.2018)   EP   2.3.4..pdf;18.10.2018;Denuncian pago incompleto del salario con fórmula semanal;EN;18/10/2018;http://www.el-nacional.com/noticias/economia/denuncian-pago-incompleto-del-salario-con-formula-semanal_256241;2.3;;2.3.4;SI
159;EN  (07.10.2018)  2.1.1..pdf;07.10.2018;Enfermedades bajo censura;EN;7/10/2018;http://www.el-nacional.com/noticias/sociedad/enfermedades-bajo-censura_254702;2.1;;2.1.1;NO
160;EN   (24.11.2018)    18.pdf;24.11.2018;Misión de la OEA vio en la frontera el desespero de familias venezolanas;EN;24/11/2018;http://www.el-nacional.com/noticias/mundo/mision-oea-vio-frontera-desespero-familias-venezolanas_260523;18;;;NO
161;EN   (04.10.2018)   1.2.2.   5.   18..pdf;04.10.2018;Foro Penal: 12.480 personas han sido detenidas desde 2014;EN;4/10/2018;http://www.el-nacional.com/noticias/politica/foro-penal-12480-personas-han-sido-detenidas-desde-2014_254337;1.2;5, 18;1.2.2;NO
162;EU  (11.10.2018)   1.1.1.9..pdf;11.10.2018;Muere niño de 12 años por una bala perdida en la avenida Bolívar;EU;11/10/2018;http://www.eluniversal.com/sucesos/22912/muere-nino-de-12-anos-por-una-bala-perdida-en-la-avenida-bolivar;1.1;;1.1.1.9;NO
163;EN (24.09.2018) 1.2.1.3.  EP  Liberaron al periodista Isnardo Bravo.pdf;24.09.2018;Liberaron al periodista Isnardo Bravo;EN;24/9/2018;http://www.el-nacional.com/noticias/sociedad/liberaron-periodista-isnardo-bravo_253038;1.2;;1.2.1.3;SI
164;EN   (05.10.2018)   1.2.2.  5.  18..pdf;05.10.2018;Familiares de Requesens rechazaron publicación de fotos del diputado;EN;5/10/2018;http://www.el-nacional.com/noticias/politica/familiares-requesens-rechazaron-publicacion-fotos-del-diputado_254568;1.2;5, 18;1.2.2;NO
165;EN   (21.11.2018)   5.    2.10.1..pdf;21.11.2018;La venezolana Susana Raffalli fue premiada por su labor en derechos humanos;EN;21/11/2018;http://www.el-nacional.com/noticias/mundo/venezolana-susana-raffalli-fue-premiada-por-labor-derechos-humanos_260569;5;2.10;2.10.1;NO
166;EN   (15.11.2018)   12.   2.2.1.1..pdf;15.11.2018;Elecciones UC: denuncian polémico nombramiento de nueva comisión electoral;EN;15/11/2018;http://www.el-nacional.com/noticias/politica/elecciones-denuncian-polemico-nombramiento-nueva-comision-electoral_259722;12;2.2;2.2.1.1;NO
167;EN   (10.10.2018)   EP   2.3.4.   2.8.1.  Protestan en Táchira contra el gobierno de Nicolás Maduro.pdf;10.10.2018;Protestan en Táchira contra el gobierno de Nicolás Maduro;EN;10/10/2018;http://www.el-nacional.com/noticias/protestas/protestaron-tachira-contra-gobierno-nicolas-maduro_255204;2.3;2.8;2.3.4, 2.8.1;SI
168;EN   (15.11.2018)   1.3.4.  17..pdf;15.11.2018;De Grazia: Esta amenaza me genera zozobra por lo que me pueda ocurrir;EN;15/11/2018;http://www.el-nacional.com/noticias/oposicion/grazia-esta-amenaza-genera-zozobra-por-que-pueda-ocurrir_259810;1.3;17;1.3.4;NO
169;EN  (28.09.2018)  1.2.4.   2.1.1.  18.pdf;28.09.2018;CIDH solicitó al Estado venezolano informar sobre presos con tuberculosis;EN;28/9/2018;http://www.el-nacional.com/noticias/mundo/cidh-solicito-estado-venezolano-informar-sobre-presos-con-tuberculosis_253610;1.2;2.1, 18;1.2.4, 2.1.1;NO
170;EN  (02.10.2018)  2.2.1.1..pdf;02.10.2018;Maestros declararon en emergencia al sector educativo;EN;2/10/2018;http://www.el-nacional.com/noticias/protestas/maestros-declararon-emergencia-sector-educativo_253866;2.2;;2.2.1.1;NO
171;EN (18.09.2018)  EP  2.3.4.    Protestan en la Universidad de los Llanos en rechazo a las nuevas tablas salariales.pdf;18.09.2018;Protestan en la Universidad de los Llanos en rechazo a las nuevas tablas salariales;EU;18/9/2018;http://www.eluniversal.com/venezuela/20999/protestan-en-la-universidad-de-los-llanos-en-rechazo-a-las-nuevas-tablas-salariales;2.3;;2.3.4;SI
172;EU  (03.10.2018)   3.2.1..pdf;03.10.2018;Vecinos en los Ruices denuncian insalubridad ante falta de recolección de basura;EU;3/10/2018;http://www.eluniversal.com/caracas/22188/vecinos-en-los-ruices-denuncian-insalubridad-ante-falta-de-recoleccion-de-basura;3.2;;3.2.1;NO
173;EN   (19.101.2018)    2.1.1..pdf;19.101.2018;Venezolanos con VIH que emigran a Colombia no pueden costear sus medicinas;EN;19/10/2018;http://www.el-nacional.com/noticias/salud/venezolanos-con-vih-que-emigran-colombia-pueden-costear-sus-medicinas_256464;2.1;;2.1.1;NO
174;EN    (19.11.2018)   EP    2.8.1.   Habitantes de Barquisimeto protestan por deficiencia de servicios públicos.pdf;19.11.2018;Habitantes de Barquisimeto protestan por deficiencia de servicios públicos;EN;20/11/2018;http://www.el-nacional.com/noticias/protestas/habitantes-barquisimeto-protestan-por-deficiencia-servicios-publicos_260283;2.8;;2.8.1;SI
175;EN   (19.10.2018)   1.3.4..pdf;19.10.2018;Sebin intentó allanar la residencia de Saverio Vivas en Catia;EN;19/10/2018;http://www.el-nacional.com/noticias/politica/sebin-intento-allanar-residencia-saverio-vivas-catia_256442;1.3;;1.3.4;NO
176;EN   (14.10.2018)  2.9.1.  2.10.1.     2.1.1.   Indígenas en la Sierra de Perijá mueren por falta de medicinas y alimentos.pdf;14.10.2018;Indígenas en la Sierra de Perijá mueren por falta de medicinas y alimentos;EN;14/10/2018;http://www.el-nacional.com/noticias/sociedad/indigenas-sierra-perija-mueren-por-falta-medicinas-alimentos_255489;2.9;2.10, 2.1;2.9.1, 2.10.1, 2.1.1;NO
177;EN  (17.10.2018)  CONTEXTO.pdf;17.10.2018;ELN y disidencias de la FARC intentan reclutar venezolanos;EN;17/10/2018;http://www.el-nacional.com/noticias/latinoamerica/eln-disidencias-farc-intentan-reclutar-venezolanos_256059;CONTEXTO;;;NO
178;EN   (16.101.2018)   EP   2.3.4..pdf;16.101.2018;Jubilados y pensionados de la Cantv protestan por tablas salariales;EN;17/10/2018;http://www.el-nacional.com/noticias/protestas/jubilados-pensionados-cantv-protestan-por-tablas-salariales_255950;2.3;;2.3.4;SI
179;EN (16.09.2018)  CONTEXTO    ¿Maduro censura el mensaje del papa Francisco_.pdf;16.09.2018;¿Maduro censura el mensaje del papa Francisco?;EN;16/9/2018;http://www.el-nacional.com/noticias/iglesia/maduro-censura-mensaje-del-papa-francisco_251957;CONTEXTO;;;NO
180;EU (21.09.2018) EP   1.3.4     Sujeto armado amenazó a periodistas que cubrían protesta frente al Ministerio de Educación.pdf;21.09.2018;Sujeto armado amenazó a periodistas que cubrían protesta frente al Ministerio de Educación;EU;21/9/2018;http://www.eluniversal.com/politica/21257/sujeto-armado-amenaza-a-periodistas-que-cubrian-protesta-frente-al-ministerio-de-educacion;1.3;;1.3.4;SI
181;EN (01.10.2018)   EP    2.3.4..pdf;01.10.2018;Trabajadores protestan en Guayana por mejoras salariales;EN;1/10/2018;http://www.el-nacional.com/noticias/protestas/trabajadores-protestan-guayana-por-mejoras-salariales_253815;2.3;;2.3.4;SI
182;EN  (29.11.2018)   1.10.2 CONTEXTO.pdf;29.11.2018;Ortega Díaz: María Gabriela Chávez está involucrada en caso Andrade;EN;28/11/2018;http://www.el-nacional.com/noticias/politica/ortega-diaz-maria-gabriela-chavez-esta-involucrada-caso-andrade_261440;1.10;CONTEXTO;1.10.2;NO
183;EU  (01.10.2018)  CONTEXTO.pdf;01.10.2018;"Acnur pidió más ""coherencia regional"" ante el éxodo de venezolanos";EU;1/10/2018;http://www.eluniversal.com/politica/22015/acnur-pide-mas-coherencia-regional-ante-el-exodo-de-venezolanos;CONTEXTO;;;NO
184;EN   (15.11.2018)     EP  5..pdf;15.11.2018;OVCS: En octubre se registraron 1.418 protestas en el país;EN;15/11/2018;http://www.el-nacional.com/noticias/sociedad/ovcs-octubre-registraron-1418-protestas-pais_259710;5;;;SI
185;EN  (07.10.2018)  18.  CONTEXTO.pdf;07.10.2018;Comisionado de la Acnur llegó a Colombia para ayudar a los venezolanos;EN;7/10/2018;http://www.el-nacional.com/noticias/mundo/comisionado-acnur-llego-colombia-para-ayudar-los-venezolanos_254722;18;CONTEXTO;;NO
186;EN   (18.10.2018)   3.2.1..pdf;18.10.2018;San Bernardino, belleza arquitectónica afectada por el exceso de basura;EN;18/10/2018;http://www.el-nacional.com/noticias/sociedad/san-bernardino-belleza-arquitectonica-afectada-por-exceso-basura_256043;3.2;;3.2.1;NO
187;EN  (02.12.2018)   1.2.2.  1.3.1.   2.3.3..pdf;02.12.2018;Denuncian que Rubén González fue torturado en La Pica;EN;2/12/2018;http://www.el-nacional.com/noticias/presos-politicos/denuncian-que-ruben-gonzalez-fue-torturado-pica_261811;1.2;1.3, 2.3;1.2.2, 1.3.1, 2.3.3;NO
188;EN (20.09.2018) 1.2.1.3  200 venezolanos detenidos en Trinidad piden retorno a Venezuela.pdf;20.09.2018;200 venezolanos detenidos en Trinidad piden retorno a Venezuela;EN;20/9/2018;http://www.el-nacional.com/noticias/mundo/200-venezolanos-detenidos-trinidad-piden-retorno-venezuela_252473;1.2;;1.2.1.3;NO
189;EN  (07.12.2018)   5.   1.10.1.1.pdf;07.12.2018;HRW advirtió de un empeoramiento de los derechos humanos en Latinoamérica;EN;7/12/2018;http://www.el-nacional.com/noticias/latinoamerica/hrw-advirtio-empeoramiento-los-derechos-humanos-latinoamerica_262500;5;1.10;1.10.1.1;NO
190;EN   (13.11.2018)   1.2.2.  1.10.1.    5..pdf;13.11.2018;Liberaron en Aragua a la activista política Rosa Virgina González;EN;13/11/2018;http://www.el-nacional.com/noticias/politica/liberaron-aragua-activista-politica-rosa-virgina-gonzalez_259566;1.2;1.10, 5;1.2.2, 1.10.1;NO
191;EN  (04.10.2018)  18..pdf;04.10.2018;Representante de Venezuela en CIDH indicó que la crisis es culpa de EE UU;EN;4/10/2018;http://www.el-nacional.com/noticias/politica/representante-venezuela-cidh-indico-que-crisis-culpa_254346;18;;;NO
192;EN   (20.11.2018)    2.1.1..pdf;20.11.2018;Registraron 47 muertes por desnutrición infantil en Monagas;EN;20/11/2018;http://www.el-nacional.com/noticias/sociedad/registraron-muertes-por-desnutricion-infantil-monagas_260479;2.1;;2.1.1;NO
193;EN  (11.10.2018)   1.2.2.  1.10.1.1.pdf;11.10.2018;Rafaela Requesens: “Juan está incomunicado y aislado en una celda”;EN;11/10/2018;http://www.el-nacional.com/noticias/politica/rafaela-requesens-juan-esta-incomunicado-aislado-una-celda_255339;1.2;1.10;1.2.2, 1.10.1.1;NO
194;EN   (29.11.2018)   EP   2.3.4..pdf;29.11.2018;Trabajadores del sector público protestaron en la Plaza Morelos;EN;28/11/2018;http://www.el-nacional.com/noticias/protestas/trabajadores-del-sector-publico-protestaron-plaza-morelos_261377;2.3;;2.3.4;SI
195;EN   (20.11.2018)   1.2.2.   1.10.1.   5..pdf;20.11.2018;Foro Penal registró 286 presos políticos actualmente en Venezuela;EN;20/11/2018;http://www.el-nacional.com/noticias/presos-politicos/foro-penal-registro-286-presos-politicos-actualmente-venezuela_260458;1.2;1.10, 5;1.2.2, 1.10.1;NO
196;EU  (25.09.2018)  2.8.1.   3.2.1.   Exigen atención de servicios públicos a la alcaldía de Barinas.pdf;25.09.2018;Exigen atención de servicios públicos a la alcaldía de Barinas;EU;25/9/2018;http://www.eluniversal.com/venezuela/21497/exigen-atencion-de-servicios-publicos-a-la-alcaldia-de-barinas;2.8;3.2;2.8.1, 3.2.1;NO
197;EN (21-09-2018)  2.3.4.    Denunciaron al gobierno en la OIT por eliminar los contratos.pdf;21-09-2018;Denunciaron al gobierno en la OIT por eliminar los contratos;EN;21/9/2018;http://www.el-nacional.com/noticias/economia/denunciaron-gobierno-oit-por-eliminar-los-contratos_252640;2.3;;2.3.4;NO
198;EN (18.09.2018)   EP  2.6.1.    Pensionados protestan en Bolívar por pago incompleto.pdf;18.09.2018;Pensionados protestan en Bolívar por pago incompleto;EN;18/9/2018;http://www.el-nacional.com/noticias/protestas/pensionados-protestan-bolivar-por-pago-incompleto_252185;2.6;;2.6.1;SI
199;EN  (11.10.2018)  1.10.1.  CONTEXTO.pdf;11.10.2018;Colombia reconoció la condición de refugiado a Julio Borges;EN;11/10/2018;http://www.el-nacional.com/noticias/latinoamerica/colombia-reconocio-condicion-refugiado-julio-borges_255404;1.10;CONTEXTO;1.10.1;NO
200;EU  (04.10.2018)   EP   2.3.4..pdf;04.10.2018;Docentes de Vargas exigen pago de deudas pendientes;EU;4/10/2018;http://www.eluniversal.com/caracas/22305/docentes-de-vargas-exigen-pago-de-deudas-pendientes;2.3;;2.3.4;SI
201;EU  (05.10.2018)   2.6.1..pdf;05.10.2018;Pensionados advierten que aumentarán colas en los bancos por pagos semanales;EU;5/10/2018;http://www.eluniversal.com/politica/22447/pensionados-advierten-que-aumentaran-colas-en-los-bancos-tras-pagos-semanales;2.6;;2.6.1;NO
202;EN  (02.10.2018)  18.   CONTEXTO.pdf;02.10.2018;"ONU visualiza ""desarrollos positivos"" en Venezuela y Nicaragua";EN;2/10/2018;http://www.el-nacional.com/noticias/mundo/onu-visualiza-desarrollos-positivos-venezuela-nicaragua_253915;18;CONTEXTO;;NO
203;EN (10.09.2018)  5. Michelle Bachelet aceptó reunirse con Jorge Arreaza.pdf;10.09.2018;Michelle Bachelet aceptó reunirse con Jorge Arreaza;EN;10/9/2018;http://www.el-nacional.com/noticias/latinoamerica/michelle-bachelet-acepto-reunirse-con-jorge-arreaza_251143;5;;;NO
204;EN   (15.11.2018)   1.1.1.9.   1.10.1.1.pdf;15.11.2018;Familiares de muertos en Torre Viasa llevarán caso a Fiscalía y Defensoría;EN;15/11/2018;http://www.el-nacional.com/noticias/sucesos/familiares-muertos-torre-viasa-llevaran-caso-fiscalia-defensoria_259783;1.1;1.10;1.1.1.9, 1.10.1.1;NO
205;EU  (10.10.2018)   2.1.1..pdf;10.10.2018;El Aissami: medidas de EEUU impiden adquirir medicinas;EU;10/10/2018;http://www.eluniversal.com/economia/22781/el-aissami-medidas-de-eeuu-impiden-adquirir-medicinas;2.1;;2.1.1;NO
206;EU    (20.11.2018)    EP    2.3.4..pdf;20.11.2018;Trabajadores de la Cancillería protestaron por bajos sueldos y en rechazo al pago en petros;EU;20/11/2018;http://www.eluniversal.com/politica/26289/trabajadores-de-la-cancilleria-protestan-por-bajos-sueldos-y-en-rechazo-a-las-tablas-salariales;2.3;;2.3.4;SI
207;EN  (03.12.2028)    EP  1.2.2.   2.3.3..pdf;03.12.2028;Trabajadores protestan para exigir la libertad de Rubén González;EN;3/12/2018;http://www.el-nacional.com/noticias/protestas/trabajadores-protestan-para-exigir-libertad-ruben-gonzalez_261931;1.2;2.3;1.2.2, 2.3.3;SI
208;EN   (13.11.2018)    EP    2.3.4..pdf;13.11.2018;Docentes protestaron en Táchira en rechazo a salarios colectivos;EN;13/11/2018;http://www.el-nacional.com/noticias/protestas/docentes-protestaron-tachira-rechazo-salarios-colectivos_259564;2.3;;2.3.4;SI
209;EN  (04.10.2018)   5.   18..pdf;04.10.2018;DD HH de la UCAB: Carnet de la patria es una mutación de la lista Tascón;EN;4/10/2018;http://www.el-nacional.com/noticias/politica/ucab-carnet-patria-una-mutacion-lista-tascon_254344;5;18;;NO
210;EN   (17.11.2018)   CONTEXTO  12..pdf;17.11.2018;Entrevista a Carleth Morales: “La resistencia no está muerta”;EN;17/11/2018;http://www.el-nacional.com/noticias/papel-literario/entrevista-carleth-morales-resistencia-esta-muerta_259968;CONTEXTO;12;;NO
211;EN   (18.10.2018)  12.  CONTEXTO.pdf;18.10.2018;Luisa Ortega Díaz: Hay que impedir que impongan una nueva Constitución;EN;18/10/2018;http://www.el-nacional.com/noticias/oposicion/luisa-ortega-diaz-hay-que-impedir-que-impongan-una-nueva-constitucion_256270;12;CONTEXTO;;NO
212;EN   (29.09.2018)    18.   5.1..pdf;29.09.2018;Francia apoyó iniciativa para que CPI investigue crímenes en Venezuela;EN;29/9/2018;http://www.el-nacional.com/noticias/mundo/francia-apoyo-iniciativa-para-que-cpi-investigue-crimenes-venezuela_253731;18;5;5.1;NO
213;EN   (11.10.2018)   18.   1.1.1.3.  1.10.1..pdf;11.10.2018;CIDH exigió una investigación profunda del caso de Fernando Albán;EN;11/10/2018;http://www.el-nacional.com/noticias/mundo/cidh-exigio-una-investigacion-profunda-del-caso-fernando-alban_255367;18;1.1, 1.10;1.1.1.3, 1.10.1;NO
214;EN (17.09.2018)  EP 2.8.1.   Habitantes de Maracaibo protestan por tener más de 24 horas sin luz.pdf;17.09.2018;Habitantes de Maracaibo protestan por tener más de 24 horas sin luz;EN;17/9/2018;http://www.el-nacional.com/noticias/sociedad/habitantes-maracaibo-protestan-por-tener-mas-horas-sin-luz_252032;2.8;;2.8.1;SI
215;EN  (04.12.2018)   1.2.2..pdf;04.12.2018;Familiares exigen libertad plena para presos políticos antes de Navidad;EN;4/12/2018;http://www.el-nacional.com/noticias/politica/familiares-exigen-libertad-plena-para-presos-politicos-antes-navidad_262037;1.2;;1.2.2;NO
216;EN   (22.11.2018)   2.10.1..pdf;22.11.2018;Gobierno levanta medidas que impedían el traslado de reses;EN;22/11/2018;http://www.el-nacional.com/noticias/economia/gobierno-levanta-medidas-que-impedian-traslado-reses_260683;2.10;;2.10.1;NO
217;EN   (05.12.2018)   1.2.2.   1.10.1..pdf;05.12.2018;Familiares denuncian que funcionarios de PNB engañaron a presos colombianos;EN;5/12/2018;http://www.el-nacional.com/noticias/politica/familiares-denuncian-que-funcionarios-pnb-enganaron-presos-colombianos_262158;1.2;1.10;1.2.2, 1.10.1;NO
218;EU    (26.11.2018)   2.8.2..pdf;26.11.2018;Fijan en Bs.S 800 mil crédito para compra de vivienda principal;EU;26/11/2018;http://www.eluniversal.com/economia/26688/fijan-en-bss-800-mil-credito-para-compra-de-vivienda-principal;2.8;;2.8.2;NO
219;EN   (21.11.2018)   CONTEXTO  2.3.1.pdf;21.11.2018;Gobierno cede a China operaciones de Pdvsa y de las empresas básicas;EN;21/11/2018;http://www.el-nacional.com/noticias/economia/gobierno-cede-china-operaciones-pdvsa-las-empresas-basicas_260528;CONTEXTO;2.3;2.3.1;NO
220;EN  (14.10.2018)  1.10.1.  1.3.4..pdf;14.10.2018;Saab rechazó allanamientos ilegales realizado por policías;EN;14/10/2018;http://www.el-nacional.com/noticias/politica/saab-rechazo-allanamientos-ilegales-realizado-por-policias_255698;1.10;1.3;1.10.1, 1.3.4;NO
221;EN  (14.10.2018)   1.2.2.   1.1.0.1.pdf;14.10.2018;Saleh: Me estoy adaptando a la libertad física y a la realidad de la calle;EN;14/10/2018;http://www.el-nacional.com/noticias/presos-politicos/saleh-estoy-adaptando-libertad-fisica-realidad-calle_255739;1.2;1.1;1.2.2, 1.1.0.1;NO
222;EN  (26.11.2018)    18.  CONTEXTO.pdf;26.11.2018;La ONU aprobó ayuda de emergencia humanitaria para Venezuela;EN;26/11/2018;http://www.el-nacional.com/noticias/mundo/onu-aprobo-ayuda-emergencia-humanitaria-para-venezuela_261168;18;CONTEXTO;;NO
223;EU  (05.12.2018)   1.2.2.    1.10.1  18..pdf;05.12.2018;"Colombia juzga de ""aterrador"" silencio de Venezuela frente a colombianos presos acusados de ser paramilitares";EU;5/12/2018;http://www.eluniversal.com/el-universal/27547/colombia-juzga-de-aterrador-silencio-de-venezuela-frente-a-colombianos-presos-acusados-de-ser;1.2;1.10, 18;1.2.2, 1.10.1;NO
224;EN  (27.09.2018)  18.   5.   Qué implica que seis países hayan pedido a la CPI investigar a Maduro.pdf;27.09.2018;Qué implica que seis países hayan pedido a la CPI investigar a Maduro;EN;27/9/2018;http://www.el-nacional.com/noticias/bbc-mundo/que-implica-que-seis-paises-hayan-pedido-cpi-investigar-maduro_253402;18;5;;NO
225;EN    (05.12.2018)   EP   2.6.1..pdf;05.12.2018;Jubilados del Seniat protestaron en Plaza Venezuela por bajos ingresos;EN;5/12/2018;http://www.el-nacional.com/noticias/protestas/jubilados-del-seniat-protestaron-plaza-venezuela-por-bajos-ingresos_262205;2.6;;2.6.1;SI
226;EU   (06.12.2018)   EP   CONTEXTO.pdf;06.12.2018;María Corina Machado marchó en Barquisimeto contra el Gobierno nacional;EU;6/12/2018;http://www.eluniversal.com/venezuela/27597/maria-corina-machado-marcho-en-barquisimeto-contra-el-gobierno-nacional;CONTEXTO;;;SI
227;EU   (07.10.2018)    2.1.1..pdf;07.10.2018;Sociedad de Infectología: Existen 4.500 casos de sarampión y 1.900 de difteria en el país;EU;7/10/2018;http://www.eluniversal.com/politica/22558/sociedad-de-infectologia-en-el-pais-existen-unos-4500-casos-de-sarampion-y-1900-de-difteria;2.1;;2.1.1;NO
228;EN  (08.10.2018)   1.1.1.3.  1.2.2.   1.10.1..pdf;08.10.2018;Las dos versiones oficiales sobre la muerte de Fernando Albán;EN;8/10/2018;http://www.el-nacional.com/noticias/sucesos/las-dos-versiones-oficiales-sobre-muerte-fernando-alban_254902;1.1;1.2, 1.10;1.1.1.3, 1.2.2, 1.10.1;NO
229;EU   (14.10.2018)   1.2.1.3.   1.10.1..pdf;14.10.2018;Denuncian detención de los padres de dos acusados por el “Golpe Azul”;EU;14/10/2018;http://www.eluniversal.com/politica/23206/detienen-al-padre-de-unos-de-los-acusados-por-el-golpe-azul;1.2;1.10;1.2.1.3, 1.10.1;NO
230;EN  (06.10.2018)    2.1.1..pdf;06.10.2018;Pacientes renales de Táchira sufren la falta de insumos;EN;6/10/2018;http://www.el-nacional.com/noticias/salud/pacientes-renales-tachira-sufren-falta-insumos_254632;2.1;;2.1.1;NO
231;EU   (21.09.2018)  EP    2.8.1.   25 días sin agua detona protesta en comunidad de Los Teques.pdf;21.09.2018;25 días sin agua detona protesta en comunidad de Los Teques;EU;21/9/2018;http://www.eluniversal.com/caracas/21248/25-dias-sin-agua-detona-protesta-en-comunidad-de-los-teques;2.8;;2.8.1;SI
232;EN   (06.12.2108)   18.   1.1.1.9.  1.10.1.  1.2.2. 5. C.pdf;06.12.2108;CIDH exigió al Estado respeto a la verdad y la justicia en el caso Albán;EN;6/12/2018;http://www.el-nacional.com/noticias/politica/cidh-exigio-estado-respeto-verdad-justicia-caso-alban_262285;18;1.1, 1.10, 1.2, 5;1.1.1.9, 1.10.1, 1.2.2;NO
233;EN  (27.09.2018)  18.  5.     ONU aprobó resolución sobre la crisis humanitaria en Venezuela.pdf;27.09.2018;ONU aprobó resolución sobre la crisis humanitaria en Venezuela;EN;27/9/2018;http://www.el-nacional.com/noticias/mundo/onu-aprobo-resolucion-sobre-crisis-humanitaria-venezuela_253427;18;5;;NO
234;EU   (28.11.2018)   1.2.5.  1.10.2.pdf;28.11.2018;En Anzoátegui piden al fiscal general resolver caso de familiares desaparecidos;EU;28/11/2018;http://www.eluniversal.com/venezuela/26958/en-anzoategui-piden-al-fiscal-general-resolver-caso-de-familiares-desaparecidos;1.2;1.10;1.2.5, 1.10.2;NO
235;EU   (09.10.2018)   EP   2.8.1..pdf;09.10.2018;Caraqueños protestaron por fallas de servicios;EU;9/10/2018;http://www.eluniversal.com/caracas/22698/caraquenos-protestaron-por-fallas-de-servicios;2.8;;2.8.1;SI
236;EU   (05.10.2018)   EP   2.8.1..pdf;05.10.2018;Escasez de gas detona dos protestas en la carretera Panamericana;EU;5/10/2018;http://www.eluniversal.com/caracas/22426/escasez-de-gas-detona-dos-protestas-en-la-carretera-panamericana;2.8;;2.8.1;SI
237;EN  (02.10.2018)    18.  CONTEXTO.pdf;02.10.2018;ONU: 1,9 millones de personas abandonaron Venezuela desde 2015;EN;2/10/2018;http://www.el-nacional.com/noticias/mundo/onu-millones-personas-abandonaron-venezuela-desde-2015_253875;18;CONTEXTO;;NO
238;EN  (26.09.2018)  EP    2.3.2.   1.600 trabajadores de Smurfit Kappa fueron liquidados luego de intervención.pdf;26.09.2018;1.600 trabajadores de Smurfit Kappa fueron liquidados luego de intervención;EN;26/9/2018;http://www.el-nacional.com/noticias/economia/1600-trabajadores-smurfit-kappa-fueron-liquidados-luego-intervencion_253258;2.3;;2.3.2;SI
239;EN (21.09.2018)  2.1.1.   Hospitales sin aspirinas para salvar a infartados.pdf;21.09.2018;Hospitales sin aspirinas para salvar a infartados;EN;21/9/2018;http://www.el-nacional.com/noticias/salud/hospitales-sin-aspirinas-para-salvar-infartados_252629;2.1;;2.1.1;NO
240;EN  (10.10.2018)  2.10.1..pdf;10.10.2018;Gobierno subió 39.900% precio de las cajas CLAP y contienen menos productos;EN;10/10/2018;http://www.el-nacional.com/noticias/economia/gobierno-subio-39900-precio-las-cajas-clap-contienen-menos-productos_255119;2.10;;2.10.1;NO
241;EN (21-09.2018)  EP   2.3.4.    Trabajadores de Conferry exigieron la recuperación de las embarcaciones.pdf;21-09.2018;Trabajadores de Conferry exigieron la recuperación de las embarcaciones;EN;21/9/2018;http://www.el-nacional.com/noticias/protestas/trabajadores-conferry-exigieron-recuperacion-las-embarcaciones_252675;2.3;;2.3.4;SI
242;EN   (28.11.2018)   CONTEXTO.pdf;28.11.2018;“Cifras de Reverol contrastan con la realidad del país”;EN;28/11/2018;http://www.el-nacional.com/noticias/sucesos/cifras-reverol-contrastan-con-realidad-del-pais_261330;CONTEXTO;;;NO
243;EN  (18.10.2018)  EP   3.2.1.    1.10.1.1.pdf;18.10.2018;Siete cadáveres de mineros fueron llevados a un fuerte militar;EN;18/10/2018;http://www.el-nacional.com/noticias/sucesos/siete-cadaveres-mineros-fueron-llevados-fuerte-militar_256224;3.2;1.10;3.2.1, 1.10.1.1;SI
244;EU    (23.11.2018)    3.1.1.   2.10.1.pdf;23.11.2018;Cañicultores piden al gobierno proteger la producción nacional;EU;23/11/2018;http://www.eluniversal.com/economia/26484/canicultores-piden-al-gobierno-proteger-la-produccion-nacional;3.1;2.10;3.1.1, 2.10.1;NO
245;EN  (02.10.2018)  EP   2.3.4..pdf;02.10.2018;Trabajadores de CVG Alcasa inician nueva jornada de protesta en Guayana ;EN;2/10/2018;http://www.el-nacional.com/noticias/protestas/trabajadores-cvg-alcasa-inician-nueva-jornada-protesta-guayana_253949;2.3;;2.3.4;SI
246;EN (17.09.2018) EP   2.3.4   Docentes protestan en Carabobo por incumplimiento de pago.pdf;17.09.2018;Docentes protestan en Carabobo por incumplimiento de pago;EN;17/9/2018;http://www.el-nacional.com/noticias/protestas/docentes-protestan-carabobo-por-incumplimiento-pago_252033;2.3;;2.3.4;SI
247;EN   (08.10.2018)   EP  2.6.1.     2.3.4..pdf;08.10.2018;Jubilados de Pdvsa protestaron por incumplimiento de pago en dólares;EN;8/10/2018;http://www.el-nacional.com/noticias/protestas/jubilados-pdvsa-protestaron-por-incumplimiento-pago-dolares_254856;2.6;2.3;2.6.1, 2.3.4;SI
248;EU  (25.09.2018)  1.2.2.  CONTEXTO    Duque asegura que Colombia no extraditará a Julio Borges.pdf;25.09.2018;Duque asegura que Colombia no extraditará a Julio Borges;EU;25/9/2018;http://www.eluniversal.com/politica/21512/duque-asegura-que-colombia-no-extraditara-a-julio-borges;1.2;CONTEXTO;1.2.2;NO
249;EN  (18.09.2018)  15.1  CONTEXTO   Provea_ Decreto de Emergencia Económica consolida la represión.pdf;18.09.2018;Provea: Decreto de Emergencia Económica consolida la represión;EN;18/9/2018;http://www.el-nacional.com/noticias/politica/provea-decreto-emergencia-economica-consolida-represion_252151;15;CONTEXTO;15.1;NO
250;EN  (28.09.2018)   EP   2.10.1..pdf;28.09.2018;Ciudadanos protestaron por posible reubicación del Mercado DIno de Táchira;EN;28/9/2018;http://www.el-nacional.com/noticias/sociedad/ciudadanos-protestaron-por-posible-reubicacion-del-mercado-dino-tachira_253598;2.10;;2.10.1;SI
251;EU  (25.09.2018)  2.10.1.  CONTEXTO      Programa Mundial de Alimentos necesita $22 millones para atender a venezolanos que entran a Colombia.pdf;25.09.2018;Programa Mundial de Alimentos necesita $22 millones para atender a venezolanos que entran a Colombia;EU;25/9/2018;http://www.eluniversal.com/politica/21514/programa-mundial-de-alimentos-necesita-22-millones-para-atender-a-venezolanos-que-entran-a-colombia;2.10;CONTEXTO;2.10.1;NO
252;EU   (26.11.2018)    3.2.1..pdf;26.11.2018;Optan por quemar la basura ante fallas de aseo en Vargas;EU;26/11/2018;http://www.eluniversal.com/caracas/26777/optan-por-quemar-la-basura-ante-fallas-de-aseo-en-vargas;3.2;;3.2.1;NO
253;EU   (10.10.2018)   EP  1.1.1.3.    1.2.2.   1.10.1.pdf;10.10.2018;Se inicia el cortejo fúnebre del concejal metropolitano fallecido Fernando Albán;EU;10/10/2018;http://www.eluniversal.com/politica/22841/se-inicia-el-cortejo-funebre-del-concejal-metropolitano-fallecido-fernando-alban;1.1;1.2, 1.10;1.1.1.3, 1.2.2, 1.10.1;SI
254;EN (18.09.2018)  3.1.1.   Denuncian que el gobierno prepara la expropiación de 71 fincas ganaderas.pdf;18.09.2018;Denuncian que el gobierno prepara la expropiación de 71 fincas ganaderas;EN;18/9/2018;http://www.el-nacional.com/noticias/economia/denuncian-que-gobierno-prepara-expropiacion-fincas-ganaderas_252138;3.1;;3.1.1;NO
255;EN   (08.10.2018)  1.1.1.3    1.2.2.    1.10.1.1..pdf;08.10.2018;Así fue hallado el presunto cadáver de Fernando Albán;EN;8/10/2018;http://www.el-nacional.com/noticias/sucesos/asi-fue-hallado-presunto-cadaver-fernando-alban_254883;1.1;1.2, 1.10;1.1.1.3, 1.2.2, 1.10.1.1;NO
256;EU   (28.09.2018)   3.2.1..pdf;28.09.2018;Reportan presencia de crudo en las costa del oeste de Anzoátegui;EU;28/9/2018;http://www.eluniversal.com/venezuela/21874/reportan-presencia-de-crudo-en-las-costas-oeste-del-estado-anzoategui;3.2;;3.2.1;NO
257;EN  (27.09.2018)  1.10.2    Ortega Díaz_ El gobierno de EE UU debería aprehender a Nicolás Maduro.pdf;27.09.2018;Ortega Díaz: El gobierno de EE UU debería aprehender a Nicolás Maduro;EN;27/9/2018;http://www.el-nacional.com/noticias/politica/ortega-diaz-gobierno-deberia-aprehender-nicolas-maduro_253323;1.10;;1.10.2;NO
258;EU  (24.09.2018)   1.1.1.9.    Mueren cuatro jóvenes tras procedimiento policial en Filas de Mariche.pdf;24.09.2018;Mueren cuatro jóvenes tras procedimiento policial en Filas de Mariche;EU;24/9/2018;http://www.eluniversal.com/sucesos/21378/mueren-cuatro-jovenes-tras-procedimiento-policial-en-filas-de-mariche;1.1;;1.1.1.9;NO
259;EU   (27.11.2018)   18.  2.1.1.     2.10.1.pdf;27.11.2018;ONU libera 9,2 millones de dólares para atención médica y nutrición en Venezuela;EU;27/11/2018;http://www.eluniversal.com/venezuela/26809/onu-libera-92-millones-para-atencion-medica-y-nutricion-de-venezuela;18;2.1, 2.10;2.1.1, 2.10.1;NO
260;EU   (03.12.2018)   2.8.1.2..pdf;03.12.2018;Denuncian intento de invasión en terreno de Terrazas de Bella Vista;EU;3/12/2018;http://www.eluniversal.com/caracas/27245/denuncian-intento-de-invasion-en-terreno-de-terrazas-de-bella-vista;2.8;;2.8.1.2;NO
261;EN   (29.11.2018)   2.3.5..pdf;29.11.2018;Maduro anunció nuevo sueldo mínimo;EN;1/12/2018;http://www.el-nacional.com/noticias/politica/maduro-anuncio-nuevo-sueldo-minimo_260501;2.3;;2.3.5;NO
262;EN   (19.10.2018)    2.1.1..pdf;19.10.2018;Fefarven: Escasez de medicinas llegó a 85%;EN;19/10/2018;http://www.el-nacional.com/noticias/sociedad/fefarven-escasez-medicinas-llego_256407;2.1;;2.1.1;NO
263;EN   (22.11.2018)    EP   2.2.1.    2.3.4..pdf;22.11.2018;Docentes protestaron en Portuguesa por bajos salarios;EN;22/11/2018;http://www.el-nacional.com/noticias/protestas/docentes-protestaron-portuguesa-por-bajos-salarios_260711;2.2;2.3;2.2.1, 2.3.4;SI
264;EN (18.09.2018)  EP  2.3.4.  2.6.1.   Trabajadores y jubilados protestan frente a la Cancillería en Caracas.pdf;18.09.2018;Trabajadores y jubilados protestan frente a la Cancillería en Caracas;EN;18/9/2018;http://www.el-nacional.com/noticias/protestas/trabajadores-jubilados-protestan-frente-cancilleria-caracas_252202;2.3;2.6;2.3.4, 2.6.1;SI
265;EN  (17.11.2018)     18.  1.10.1.pdf;17.11.2018;Gobierno tendrá que indemnizar a Linda Loaiza por violaciones y negligencia;EN;17/11/2018;http://www.el-nacional.com/noticias/politica/gobierno-tendra-que-indemnizar-linda-loaiza-por-violaciones-negligencia_260068;18;1.10;1.10.1;NO
